{
	"ambient": {
		"x": 0.10000000149011612,
		"y": 0.10000000149011612,
		"z": 0.10000000149011612
	},
	"default_material": "null",
	"main_camera": "fada1bc5-5c86-8f42-bc39-321a212d6875",
	"objects": [
		{
			"children": [],
			"components": {
				"Gameplay::Camera": {
					"clear_color": {
						"w": -431602080.0,
						"x": -431602080.0,
						"y": -431602080.0,
						"z": -431602080.0
					},
					"enabled": true,
					"far_plane": 1000.0,
					"fov_radians": 1.5707963705062866,
					"guid": "fada1bc5-5c86-8f42-bc39-321a212d6875",
					"near_plane": 0.10000000149011612,
					"ortho_enabled": false,
					"ortho_size": 10.0
				},
				"SimpleCameraControl": {
					"enabled": true,
					"guid": "d74f2f80-c150-5145-889c-ad5d4f321686",
					"mouse_sensitivity": {
						"x": 0.5,
						"y": 0.30000001192092896
					},
					"move_speed": {
						"x": 1.0,
						"y": 1.0,
						"z": 1.0
					},
					"shift_mult": 2.0
				}
			},
			"guid": "6faf2a97-b7cc-9b44-90fd-8be85a5783d6",
			"hide_in_inspector": false,
			"name": "Main Camera",
			"parent": "null",
			"position": {
				"x": -3.5,
				"y": -3.5,
				"z": 5.0
			},
			"rotation": {
				"w": 0.8544434905052185,
				"x": 0.3513968288898468,
				"y": -0.145553320646286,
				"z": -0.3539220988750458
			},
			"scale": {
				"x": 1.0,
				"y": 1.0,
				"z": 1.0
			}
		},
		{
			"children": [],
			"components": {
				"Light": {
					"color": {
						"x": 1.0,
						"y": 1.0,
						"z": 1.0
					},
					"direction": {
						"x": 0.0,
						"y": 0.0,
						"z": -1.0
					},
					"enabled": true,
					"guid": "32d54c8e-a7d5-2548-8b3e-f2053f767962",
					"intensity": 200.12896728515625,
					"params": {
						"x": 0.0,
						"y": 0.0,
						"z": 0.0
					},
					"range": 20.0,
					"type": "Point"
				}
			},
			"guid": "e34b40cb-cc82-644b-902f-f57d464417cd",
			"hide_in_inspector": false,
			"name": "Light1",
			"parent": "null",
			"position": {
				"x": 5.400000095367432,
				"y": 3.0,
				"z": 1.0
			},
			"rotation": {
				"w": 1.0,
				"x": 0.0,
				"y": 0.0,
				"z": 0.0
			},
			"scale": {
				"x": 1.0,
				"y": 1.0,
				"z": 1.0
			}
		},
		{
			"children": [],
			"components": {
				"Light": {
					"color": {
						"x": 1.0,
						"y": 1.0,
						"z": 1.0
					},
					"direction": {
						"x": 0.0,
						"y": 0.0,
						"z": -1.0
					},
					"enabled": true,
					"guid": "ccda5bc4-fa6a-5240-8ad2-4524d439ee21",
					"intensity": 200.92213439941406,
					"params": {
						"x": 0.0,
						"y": 0.0,
						"z": 0.0
					},
					"range": 20.0,
					"type": "Point"
				}
			},
			"guid": "0a1f56fc-7f5e-a042-99ed-1b5fff8e5f6e",
			"hide_in_inspector": false,
			"name": "Light2",
			"parent": "null",
			"position": {
				"x": 4.5,
				"y": -1.0,
				"z": 1.0
			},
			"rotation": {
				"w": 1.0,
				"x": 0.0,
				"y": 0.0,
				"z": 0.0
			},
			"scale": {
				"x": 1.0,
				"y": 1.0,
				"z": 1.0
			}
		},
		{
			"children": [],
			"components": {
				"Light": {
					"color": {
						"x": 1.0,
						"y": 1.0,
						"z": 1.0
					},
					"direction": {
						"x": 0.0,
						"y": 0.0,
						"z": -1.0
					},
					"enabled": true,
					"guid": "a7555718-4fb4-ef4f-b1be-591776eaad9b",
					"intensity": 200.5988311767578,
					"params": {
						"x": 0.0,
						"y": 0.0,
						"z": 0.0
					},
					"range": 20.0,
					"type": "Point"
				}
			},
			"guid": "d499d2a2-8831-dd44-8451-ab05ec327485",
			"hide_in_inspector": false,
			"name": "Light3",
			"parent": "null",
			"position": {
				"x": 0.20000000298023224,
				"y": 2.5,
				"z": 1.0
			},
			"rotation": {
				"w": 1.0,
				"x": 0.0,
				"y": 0.0,
				"z": 0.0
			},
			"scale": {
				"x": 1.0,
				"y": 1.0,
				"z": 1.0
			}
		},
		{
			"children": [],
			"components": {
				"Light": {
					"color": {
						"x": 1.0,
						"y": 1.0,
						"z": 1.0
					},
					"direction": {
						"x": 0.0,
						"y": 0.0,
						"z": -1.0
					},
					"enabled": true,
					"guid": "e7b7d95e-9f98-1142-9351-a9ab5c669a37",
					"intensity": 200.20062255859375,
					"params": {
						"x": 0.0,
						"y": 0.0,
						"z": 0.0
					},
					"range": 20.0,
					"type": "Point"
				}
			},
			"guid": "915a342f-c8ce-2749-9832-9de499121061",
			"hide_in_inspector": false,
			"name": "Light4",
			"parent": "null",
			"position": {
				"x": 0.0,
				"y": -2.0,
				"z": 0.6000000238418579
			},
			"rotation": {
				"w": 1.0,
				"x": 0.0,
				"y": 0.0,
				"z": 0.0
			},
			"scale": {
				"x": 1.0,
				"y": 1.0,
				"z": 1.0
			}
		},
		{
			"children": [],
			"components": {
				"Light": {
					"color": {
						"x": 1.0,
						"y": 1.0,
						"z": 1.0
					},
					"direction": {
						"x": 0.0,
						"y": 0.0,
						"z": -1.0
					},
					"enabled": true,
					"guid": "671a49fe-1cc1-cc4f-89b8-da0253b8ee5d",
					"intensity": 200.8000030517578,
					"params": {
						"x": 0.0,
						"y": 0.0,
						"z": 0.0
					},
					"range": -150.0,
					"type": "Point"
				}
			},
			"guid": "9a39b777-98e9-f747-ab7c-8c8f6bf88b6b",
			"hide_in_inspector": false,
			"name": "Light5",
			"parent": "null",
			"position": {
				"x": 5.400000095367432,
				"y": 3.0,
				"z": 1.0
			},
			"rotation": {
				"w": 1.0,
				"x": 0.0,
				"y": 0.0,
				"z": 0.0
			},
			"scale": {
				"x": 1.0,
				"y": 1.0,
				"z": 1.0
			}
		},
		{
			"children": [],
			"components": {
				"Gameplay::Physics::RigidBody": {
					"angular_damping": 0.004999999888241291,
					"colliders": [
						{
							"extents": {
								"x": 50.0,
								"y": 50.0,
								"z": 1.0
							},
							"guid": "acf45806-d3ee-6044-b209-08d0e277241e",
							"position": {
								"x": 0.0,
								"y": 0.0,
								"z": -1.0
							},
							"rotation": {
								"x": 0.0,
								"y": 0.0,
								"z": 0.0
							},
							"scale": {
								"x": 1.0,
								"y": 1.0,
								"z": 1.0
							},
							"type": "Box"
						}
					],
					"enabled": true,
					"group": 1,
					"guid": "26aa176e-e6b0-6047-a61a-809256767ed5",
					"linear_damping": 0.0,
					"mask": -1,
					"mass": 1.0,
					"type": "Static"
				},
				"RenderComponent": {
					"enabled": true,
					"guid": "e1c0bd1b-19b0-1844-a237-d1d7811d367b",
					"material": "91832cf3-224a-cc40-945b-79526c8e935d",
					"mesh": "ea3ed1f3-96a6-9249-a5f6-0e8287f0e469"
				}
			},
			"guid": "f34a9598-80d9-704d-a1b2-cb03a16182be",
			"hide_in_inspector": false,
			"name": "Plane",
			"parent": "null",
			"position": {
				"x": 0.0,
				"y": 0.0,
				"z": 0.0
			},
			"rotation": {
				"w": 1.0,
				"x": 0.0,
				"y": 0.0,
				"z": 0.0
			},
			"scale": {
				"x": 1.0,
				"y": 1.0,
				"z": 1.0
			}
		},
		{
			"children": [],
			"components": {
				"Gameplay::Physics::TriggerVolume": {
					"colliders": [
						{
							"extents": {
								"x": 1.0,
								"y": 1.0,
								"z": 1.0
							},
							"guid": "3cfa100a-0183-0045-a41f-c8abfd580747",
							"position": {
								"x": 0.0,
								"y": 0.0,
								"z": 0.0
							},
							"rotation": {
								"x": 0.0,
								"y": 0.0,
								"z": 0.0
							},
							"scale": {
								"x": 1.0,
								"y": 1.0,
								"z": 1.0
							},
							"type": "Box"
						}
					],
					"enabled": true,
					"group": 1,
					"guid": "303f0762-ea9e-9f40-acd2-1b7d73139dbb",
					"mask": -1
				},
				"RenderComponent": {
					"enabled": true,
					"guid": "42eacca5-a86e-714b-baae-3894097a4d7d",
					"material": "4760d54c-ea1d-054b-8bbe-c40cb491d58c",
					"mesh": "83ee9ec1-8cf7-0943-b89d-e159491fc4d8"
				},
				"RotatingBehaviour": {
					"enabled": true,
					"guid": "e234d301-9622-7649-92d2-3464908c0490",
					"speed": {
						"x": 0.0,